Workbook

Sheet Instructions
A1: PART 11 TRACKING TEMPLATE — Correlation Matrix & Portfolio Drawdown Log
A3: Companion workbook to Part 11 — Portfolio-Level Drawdown Controls, v6 Trading System.
A5: HOW TO USE
A6: 1. Price History tab — enter monthly closing prices for up to 12 portfolio positions (blue cells only). Update at each quarterly review per Rule 34.
A7: 2. Returns (Calc) tab — calculates automatically from Price History. Do not edit.
A8: 3. Correlation Matrix tab — calculates automatically. Ticker labels pull from Price History. Pairs above 0.70 (Rule 34 threshold) are flagged red. Each position also shows its own violation count in the rightmost column — review any position flagged there at each quarterly review.
A9: 4. Portfolio Drawdown Log tab — enter portfolio value at each review date (blue cells only). Running peak, drawdown %, and required response status calculate automatically per the Part 11 drawdown response table (Rule 35).
A11: RULE REFERENCE
A12: Rule 34 — Correlation Cap: no position may carry pairwise correlation above 0.70 with more than one other holding in the portfolio at the same time. If a new position would violate this cap, reduce its initial size by 50% or pass.
A13: Rule 35 — Portfolio drawdown response levels apply automatically and are not subject to override based on individual conviction.
A14: Drawdown bands: 0-10% Normal | 10-20% Elevated | 20-30% Severe | 30%+ Critical (see Portfolio Drawdown Log tab for the full response required at each level).

Sheet Price History
A1: Monthly Closing Price ($) — enter ticker in row 1, prices below. Blue = input.
A2: Date | B2: Ticker 1 | C2: Ticker 2 | D2: Ticker 3 | E2: Ticker 4 | F2: Ticker 5 | G2: Ticker 6 | H2: Ticker 7 | I2: Ticker 8 | J2: Ticker 9 | K2: Ticker 10 | L2: Ticker 11 | M2: Ticker 12

Sheet Returns (Calc)
A1: Monthly return, calculated from Price History. Do not edit — formulas only.
A2: Date | B2: ='Price History'!B2 -> Ticker 1 | C2: ='Price History'!C2 -> Ticker 2 | D2: ='Price History'!D2 -> Ticker 3 | E2: ='Price History'!E2 -> Ticker 4 | F2: ='Price History'!F2 -> Ticker 5 | G2: ='Price History'!G2 -> Ticker 6 | H2: ='Price History'!H2 -> Ticker 7 | I2: ='Price History'!I2 -> Ticker 8 | ... M2: ='Price History'!M2 -> Ticker 12
A3: ='Price History'!A4 -> 0 | B3: =IF(OR('Price History'!B4="",'Price History'!B3="",'Price History'!B3=0),"",'Price History'!B4/'Price History'!B3-1) | C3: =IF(OR('Price History'!C4="",'Price History'!C3="",'Price History'!C3=0),"",'Price History'!C4/'Price History'!C3-1) | D3: =IF(OR('Price History'!D4="",'Price History'!D3="",'Price History'!D3=0),"",'Price History'!D4/'Price History'!D3-1) | E3: =IF(OR('Price History'!E4="",'Price History'!E3="",'Price History'!E3=0),"",'Price History'!E4/'Price History'!E3-1) | F3: =IF(OR('Price History'!F4="",'Price History'!F3="",'Price History'!F3=0),"",'Price History'!F4/'Price History'!F3-1) | G3: =IF(OR('Price History'!G4="",'Price History'!G3="",'Price History'!G3=0),"",'Price History'!G4/'Price History'!G3-1) | H3: =IF(OR('Price History'!H4="",'Price History'!H3="",'Price History'!H3=0),"",'Price History'!H4/'Price History'!H3-1) | I3: =IF(OR('Price History'!I4="",'Price History'!I3="",'Price History'!I3=0),"",'Price History'!I4/'Price History'!I3-1) | ... M3: =IF(OR('Price History'!M4="",'Price History'!M3="",'Price History'!M3=0),"",'Price History'!M4/'Price History'!M3-1)
A4: ='Price History'!A5 -> 0 | B4: =IF(OR('Price History'!B5="",'Price History'!B4="",'Price History'!B4=0),"",'Price History'!B5/'Price History'!B4-1) | C4: =IF(OR('Price History'!C5="",'Price History'!C4="",'Price History'!C4=0),"",'Price History'!C5/'Price History'!C4-1) | D4: =IF(OR('Price History'!D5="",'Price History'!D4="",'Price History'!D4=0),"",'Price History'!D5/'Price History'!D4-1) | E4: =IF(OR('Price History'!E5="",'Price History'!E4="",'Price History'!E4=0),"",'Price History'!E5/'Price History'!E4-1) | F4: =IF(OR('Price History'!F5="",'Price History'!F4="",'Price History'!F4=0),"",'Price History'!F5/'Price History'!F4-1) | G4: =IF(OR('Price History'!G5="",'Price History'!G4="",'Price History'!G4=0),"",'Price History'!G5/'Price History'!G4-1) | H4: =IF(OR('Price History'!H5="",'Price History'!H4="",'Price History'!H4=0),"",'Price History'!H5/'Price History'!H4-1) | I4: =IF(OR('Price History'!I5="",'Price History'!I4="",'Price History'!I4=0),"",'Price History'!I5/'Price History'!I4-1) | ... M4: =IF(OR('Price History'!M5="",'Price History'!M4="",'Price History'!M4=0),"",'Price History'!M5/'Price History'!M4-1)
A5: ='Price History'!A6 -> 0 | B5: =IF(OR('Price History'!B6="",'Price History'!B5="",'Price History'!B5=0),"",'Price History'!B6/'Price History'!B5-1) | C5: =IF(OR('Price History'!C6="",'Price History'!C5="",'Price History'!C5=0),"",'Price History'!C6/'Price History'!C5-1) | D5: =IF(OR('Price History'!D6="",'Price History'!D5="",'Price History'!D5=0),"",'Price History'!D6/'Price History'!D5-1) | E5: =IF(OR('Price History'!E6="",'Price History'!E5="",'Price History'!E5=0),"",'Price History'!E6/'Price History'!E5-1) | F5: =IF(OR('Price History'!F6="",'Price History'!F5="",'Price History'!F5=0),"",'Price History'!F6/'Price History'!F5-1) | G5: =IF(OR('Price History'!G6="",'Price History'!G5="",'Price History'!G5=0),"",'Price History'!G6/'Price History'!G5-1) | H5: =IF(OR('Price History'!H6="",'Price History'!H5="",'Price History'!H5=0),"",'Price History'!H6/'Price History'!H5-1) | I5: =IF(OR('Price History'!I6="",'Price History'!I5="",'Price History'!I5=0),"",'Price History'!I6/'Price History'!I5-1) | ... M5: =IF(OR('Price History'!M6="",'Price History'!M5="",'Price History'!M5=0),"",'Price History'!M6/'Price History'!M5-1)
A6: ='Price History'!A7 -> 0 | B6: =IF(OR('Price History'!B7="",'Price History'!B6="",'Price History'!B6=0),"",'Price History'!B7/'Price History'!B6-1) | C6: =IF(OR('Price History'!C7="",'Price History'!C6="",'Price History'!C6=0),"",'Price History'!C7/'Price History'!C6-1) | D6: =IF(OR('Price History'!D7="",'Price History'!D6="",'Price History'!D6=0),"",'Price History'!D7/'Price History'!D6-1) | E6: =IF(OR('Price History'!E7="",'Price History'!E6="",'Price History'!E6=0),"",'Price History'!E7/'Price History'!E6-1) | F6: =IF(OR('Price History'!F7="",'Price History'!F6="",'Price History'!F6=0),"",'Price History'!F7/'Price History'!F6-1) | G6: =IF(OR('Price History'!G7="",'Price History'!G6="",'Price History'!G6=0),"",'Price History'!G7/'Price History'!G6-1) | H6: =IF(OR('Price History'!H7="",'Price History'!H6="",'Price History'!H6=0),"",'Price History'!H7/'Price History'!H6-1) | I6: =IF(OR('Price History'!I7="",'Price History'!I6="",'Price History'!I6=0),"",'Price History'!I7/'Price History'!I6-1) | ... M6: =IF(OR('Price History'!M7="",'Price History'!M6="",'Price History'!M6=0),"",'Price History'!M7/'Price History'!M6-1)
A7: ='Price History'!A8 -> 0 | B7: =IF(OR('Price History'!B8="",'Price History'!B7="",'Price History'!B7=0),"",'Price History'!B8/'Price History'!B7-1) | C7: =IF(OR('Price History'!C8="",'Price History'!C7="",'Price History'!C7=0),"",'Price History'!C8/'Price History'!C7-1) | D7: =IF(OR('Price History'!D8="",'Price History'!D7="",'Price History'!D7=0),"",'Price History'!D8/'Price History'!D7-1) | E7: =IF(OR('Price History'!E8="",'Price History'!E7="",'Price History'!E7=0),"",'Price History'!E8/'Price History'!E7-1) | F7: =IF(OR('Price History'!F8="",'Price History'!F7="",'Price History'!F7=0),"",'Price History'!F8/'Price History'!F7-1) | G7: =IF(OR('Price History'!G8="",'Price History'!G7="",'Price History'!G7=0),"",'Price History'!G8/'Price History'!G7-1) | H7: =IF(OR('Price History'!H8="",'Price History'!H7="",'Price History'!H7=0),"",'Price History'!H8/'Price History'!H7-1) | I7: =IF(OR('Price History'!I8="",'Price History'!I7="",'Price History'!I7=0),"",'Price History'!I8/'Price History'!I7-1) | ... M7: =IF(OR('Price History'!M8="",'Price History'!M7="",'Price History'!M7=0),"",'Price History'!M8/'Price History'!M7-1)
A8: ='Price History'!A9 -> 0 | B8: =IF(OR('Price History'!B9="",'Price History'!B8="",'Price History'!B8=0),"",'Price History'!B9/'Price History'!B8-1) | C8: =IF(OR('Price History'!C9="",'Price History'!C8="",'Price History'!C8=0),"",'Price History'!C9/'Price History'!C8-1) | D8: =IF(OR('Price History'!D9="",'Price History'!D8="",'Price History'!D8=0),"",'Price History'!D9/'Price History'!D8-1) | E8: =IF(OR('Price History'!E9="",'Price History'!E8="",'Price History'!E8=0),"",'Price History'!E9/'Price History'!E8-1) | F8: =IF(OR('Price History'!F9="",'Price History'!F8="",'Price History'!F8=0),"",'Price History'!F9/'Price History'!F8-1) | G8: =IF(OR('Price History'!G9="",'Price History'!G8="",'Price History'!G8=0),"",'Price History'!G9/'Price History'!G8-1) | H8: =IF(OR('Price History'!H9="",'Price History'!H8="",'Price History'!H8=0),"",'Price History'!H9/'Price History'!H8-1) | I8: =IF(OR('Price History'!I9="",'Price History'!I8="",'Price History'!I8=0),"",'Price History'!I9/'Price History'!I8-1) | ... M8: =IF(OR('Price History'!M9="",'Price History'!M8="",'Price History'!M8=0),"",'Price History'!M9/'Price History'!M8-1)
A9: ='Price History'!A10 -> 0 | B9: =IF(OR('Price History'!B10="",'Price History'!B9="",'Price History'!B9=0),"",'Price History'!B10/'Price History'!B9-1) | C9: =IF(OR('Price History'!C10="",'Price History'!C9="",'Price History'!C9=0),"",'Price History'!C10/'Price History'!C9-1) | D9: =IF(OR('Price History'!D10="",'Price History'!D9="",'Price History'!D9=0),"",'Price History'!D10/'Price History'!D9-1) | E9: =IF(OR('Price History'!E10="",'Price History'!E9="",'Price History'!E9=0),"",'Price History'!E10/'Price History'!E9-1) | F9: =IF(OR('Price History'!F10="",'Price History'!F9="",'Price History'!F9=0),"",'Price History'!F10/'Price History'!F9-1) | G9: =IF(OR('Price History'!G10="",'Price History'!G9="",'Price History'!G9=0),"",'Price History'!G10/'Price History'!G9-1) | H9: =IF(OR('Price History'!H10="",'Price History'!H9="",'Price History'!H9=0),"",'Price History'!H10/'Price History'!H9-1) | I9: =IF(OR('Price History'!I10="",'Price History'!I9="",'Price History'!I9=0),"",'Price History'!I10/'Price History'!I9-1) | ... M9: =IF(OR('Price History'!M10="",'Price History'!M9="",'Price History'!M9=0),"",'Price History'!M10/'Price History'!M9-1)
A10: ='Price History'!A11 -> 0 | B10: =IF(OR('Price History'!B11="",'Price History'!B10="",'Price History'!B10=0),"",'Price History'!B11/'Price History'!B10-1) | C10: =IF(OR('Price History'!C11="",'Price History'!C10="",'Price History'!C10=0),"",'Price History'!C11/'Price History'!C10-1) | D10: =IF(OR('Price History'!D11="",'Price History'!D10="",'Price History'!D10=0),"",'Price History'!D11/'Price History'!D10-1) | E10: =IF(OR('Price History'!E11="",'Price History'!E10="",'Price History'!E10=0),"",'Price History'!E11/'Price History'!E10-1) | F10: =IF(OR('Price History'!F11="",'Price History'!F10="",'Price History'!F10=0),"",'Price History'!F11/'Price History'!F10-1) | G10: =IF(OR('Price History'!G11="",'Price History'!G10="",'Price History'!G10=0),"",'Price History'!G11/'Price History'!G10-1) | H10: =IF(OR('Price History'!H11="",'Price History'!H10="",'Price History'!H10=0),"",'Price History'!H11/'Price History'!H10-1) | I10: =IF(OR('Price History'!I11="",'Price History'!I10="",'Price History'!I10=0),"",'Price History'!I11/'Price History'!I10-1) | ... M10: =IF(OR('Price History'!M11="",'Price History'!M10="",'Price History'!M10=0),"",'Price History'!M11/'Price History'!M10-1)
A11: ='Price History'!A12 -> 0 | B11: =IF(OR('Price History'!B12="",'Price History'!B11="",'Price History'!B11=0),"",'Price History'!B12/'Price History'!B11-1) | C11: =IF(OR('Price History'!C12="",'Price History'!C11="",'Price History'!C11=0),"",'Price History'!C12/'Price History'!C11-1) | D11: =IF(OR('Price History'!D12="",'Price History'!D11="",'Price History'!D11=0),"",'Price History'!D12/'Price History'!D11-1) | E11: =IF(OR('Price History'!E12="",'Price History'!E11="",'Price History'!E11=0),"",'Price History'!E12/'Price History'!E11-1) | F11: =IF(OR('Price History'!F12="",'Price History'!F11="",'Price History'!F11=0),"",'Price History'!F12/'Price History'!F11-1) | G11: =IF(OR('Price History'!G12="",'Price History'!G11="",'Price History'!G11=0),"",'Price History'!G12/'Price History'!G11-1) | H11: =IF(OR('Price History'!H12="",'Price History'!H11="",'Price History'!H11=0),"",'Price History'!H12/'Price History'!H11-1) | I11: =IF(OR('Price History'!I12="",'Price History'!I11="",'Price History'!I11=0),"",'Price History'!I12/'Price History'!I11-1) | ... M11: =IF(OR('Price History'!M12="",'Price History'!M11="",'Price History'!M11=0),"",'Price History'!M12/'Price History'!M11-1)
A12: ='Price History'!A13 -> 0 | B12: =IF(OR('Price History'!B13="",'Price History'!B12="",'Price History'!B12=0),"",'Price History'!B13/'Price History'!B12-1) | C12: =IF(OR('Price History'!C13="",'Price History'!C12="",'Price History'!C12=0),"",'Price History'!C13/'Price History'!C12-1) | D12: =IF(OR('Price History'!D13="",'Price History'!D12="",'Price History'!D12=0),"",'Price History'!D13/'Price History'!D12-1) | E12: =IF(OR('Price History'!E13="",'Price History'!E12="",'Price History'!E12=0),"",'Price History'!E13/'Price History'!E12-1) | F12: =IF(OR('Price History'!F13="",'Price History'!F12="",'Price History'!F12=0),"",'Price History'!F13/'Price History'!F12-1) | G12: =IF(OR('Price History'!G13="",'Price History'!G12="",'Price History'!G12=0),"",'Price History'!G13/'Price History'!G12-1) | H12: =IF(OR('Price History'!H13="",'Price History'!H12="",'Price History'!H12=0),"",'Price History'!H13/'Price History'!H12-1) | I12: =IF(OR('Price History'!I13="",'Price History'!I12="",'Price History'!I12=0),"",'Price History'!I13/'Price History'!I12-1) | ... M12: =IF(OR('Price History'!M13="",'Price History'!M12="",'Price History'!M12=0),"",'Price History'!M13/'Price History'!M12-1)
A13: ='Price History'!A14 -> 0 | B13: =IF(OR('Price History'!B14="",'Price History'!B13="",'Price History'!B13=0),"",'Price History'!B14/'Price History'!B13-1) | C13: =IF(OR('Price History'!C14="",'Price History'!C13="",'Price History'!C13=0),"",'Price History'!C14/'Price History'!C13-1) | D13: =IF(OR('Price History'!D14="",'Price History'!D13="",'Price History'!D13=0),"",'Price History'!D14/'Price History'!D13-1) | E13: =IF(OR('Price History'!E14="",'Price History'!E13="",'Price History'!E13=0),"",'Price History'!E14/'Price History'!E13-1) | F13: =IF(OR('Price History'!F14="",'Price History'!F13="",'Price History'!F13=0),"",'Price History'!F14/'Price History'!F13-1) | G13: =IF(OR('Price History'!G14="",'Price History'!G13="",'Price History'!G13=0),"",'Price History'!G14/'Price History'!G13-1) | H13: =IF(OR('Price History'!H14="",'Price History'!H13="",'Price History'!H13=0),"",'Price History'!H14/'Price History'!H13-1) | I13: =IF(OR('Price History'!I14="",'Price History'!I13="",'Price History'!I13=0),"",'Price History'!I14/'Price History'!I13-1) | ... M13: =IF(OR('Price History'!M14="",'Price History'!M13="",'Price History'!M13=0),"",'Price History'!M14/'Price History'!M13-1)
A14: ='Price History'!A15 -> 0 | B14: =IF(OR('Price History'!B15="",'Price History'!B14="",'Price History'!B14=0),"",'Price History'!B15/'Price History'!B14-1) | C14: =IF(OR('Price History'!C15="",'Price History'!C14="",'Price History'!C14=0),"",'Price History'!C15/'Price History'!C14-1) | D14: =IF(OR('Price History'!D15="",'Price History'!D14="",'Price History'!D14=0),"",'Price History'!D15/'Price History'!D14-1) | E14: =IF(OR('Price History'!E15="",'Price History'!E14="",'Price History'!E14=0),"",'Price History'!E15/'Price History'!E14-1) | F14: =IF(OR('Price History'!F15="",'Price History'!F14="",'Price History'!F14=0),"",'Price History'!F15/'Price History'!F14-1) | G14: =IF(OR('Price History'!G15="",'Price History'!G14="",'Price History'!G14=0),"",'Price History'!G15/'Price History'!G14-1) | H14: =IF(OR('Price History'!H15="",'Price History'!H14="",'Price History'!H14=0),"",'Price History'!H15/'Price History'!H14-1) | I14: =IF(OR('Price History'!I15="",'Price History'!I14="",'Price History'!I14=0),"",'Price History'!I15/'Price History'!I14-1) | ... M14: =IF(OR('Price History'!M15="",'Price History'!M14="",'Price History'!M14=0),"",'Price History'!M15/'Price History'!M14-1)
... A26: ='Price History'!A27 -> 0 | B26: =IF(OR('Price History'!B27="",'Price History'!B26="",'Price History'!B26=0),"",'Price History'!B27/'Price History'!B26-1) | C26: =IF(OR('Price History'!C27="",'Price History'!C26="",'Price History'!C26=0),"",'Price History'!C27/'Price History'!C26-1) | D26: =IF(OR('Price History'!D27="",'Price History'!D26="",'Price History'!D26=0),"",'Price History'!D27/'Price History'!D26-1) | E26: =IF(OR('Price History'!E27="",'Price History'!E26="",'Price History'!E26=0),"",'Price History'!E27/'Price History'!E26-1) | F26: =IF(OR('Price History'!F27="",'Price History'!F26="",'Price History'!F26=0),"",'Price History'!F27/'Price History'!F26-1) | G26: =IF(OR('Price History'!G27="",'Price History'!G26="",'Price History'!G26=0),"",'Price History'!G27/'Price History'!G26-1) | H26: =IF(OR('Price History'!H27="",'Price History'!H26="",'Price History'!H26=0),"",'Price History'!H27/'Price History'!H26-1) | I26: =IF(OR('Price History'!I27="",'Price History'!I26="",'Price History'!I26=0),"",'Price History'!I27/'Price History'!I26-1) | ... M26: =IF(OR('Price History'!M27="",'Price History'!M26="",'Price History'!M26=0),"",'Price History'!M27/'Price History'!M26-1)

Sheet Correlation Matrix
A1: Pairwise 12-month correlation of monthly returns (Rule 34). Recalculate quarterly.
A2: Ticker | B2: ='Returns (Calc)'!B2 -> Ticker 1 | C2: ='Returns (Calc)'!C2 -> Ticker 2 | D2: ='Returns (Calc)'!D2 -> Ticker 3 | E2: ='Returns (Calc)'!E2 -> Ticker 4 | F2: ='Returns (Calc)'!F2 -> Ticker 5 | G2: ='Returns (Calc)'!G2 -> Ticker 6 | H2: ='Returns (Calc)'!H2 -> Ticker 7 | I2: ='Returns (Calc)'!I2 -> Ticker 8 | ... M2: ='Returns (Calc)'!M2 -> Ticker 12 | N2: Positions >0.70 with
A3: ='Returns (Calc)'!B2 -> Ticker 1 | B3: 1 | C3: =IFERROR(ROUND(CORREL('Returns (Calc)'!$B$3:$B$26,'Returns (Calc)'!$C$3:$C$26),2),"") | D3: =IFERROR(ROUND(CORREL('Returns (Calc)'!$B$3:$B$26,'Returns (Calc)'!$D$3:$D$26),2),"") | E3: =IFERROR(ROUND(CORREL('Returns (Calc)'!$B$3:$B$26,'Returns (Calc)'!$E$3:$E$26),2),"") | F3: =IFERROR(ROUND(CORREL('Returns (Calc)'!$B$3:$B$26,'Returns (Calc)'!$F$3:$F$26),2),"") | G3: =IFERROR(ROUND(CORREL('Returns (Calc)'!$B$3:$B$26,'Returns (Calc)'!$G$3:$G$26),2),"") | H3: =IFERROR(ROUND(CORREL('Returns (Calc)'!$B$3:$B$26,'Returns (Calc)'!$H$3:$H$26),2),"") | I3: =IFERROR(ROUND(CORREL('Returns (Calc)'!$B$3:$B$26,'Returns (Calc)'!$I$3:$I$26),2),"") | J3: =IFERROR(ROUND(CORREL('Returns (Calc)'!$B$3:$B$26,'Returns (Calc)'!$J$3:$J$26),2),"") | K3: =IFERROR(ROUND(CORREL('Returns (Calc)'!$B$3:$B$26,'Returns (Calc)'!$K$3:$K$26),2),"") | L3: =IFERROR(ROUND(CORREL('Returns (Calc)'!$B$3:$B$26,'Returns (Calc)'!$L$3:$L$26),2),"") | M3: =IFERROR(ROUND(CORREL('Returns (Calc)'!$B$3:$B$26,'Returns (Calc)'!$M$3:$M$26),2),"") | N3: =COUNTIF(B3:M3,">0.7")-1 -> 0
A4: ='Returns (Calc)'!C2 -> Ticker 2 | B4: =IFERROR(ROUND(CORREL('Returns (Calc)'!$C$3:$C$26,'Returns (Calc)'!$B$3:$B$26),2),"") | C4: 1 | D4: =IFERROR(ROUND(CORREL('Returns (Calc)'!$C$3:$C$26,'Returns (Calc)'!$D$3:$D$26),2),"") | E4: =IFERROR(ROUND(CORREL('Returns (Calc)'!$C$3:$C$26,'Returns (Calc)'!$E$3:$E$26),2),"") | F4: =IFERROR(ROUND(CORREL('Returns (Calc)'!$C$3:$C$26,'Returns (Calc)'!$F$3:$F$26),2),"") | G4: =IFERROR(ROUND(CORREL('Returns (Calc)'!$C$3:$C$26,'Returns (Calc)'!$G$3:$G$26),2),"") | H4: =IFERROR(ROUND(CORREL('Returns (Calc)'!$C$3:$C$26,'Returns (Calc)'!$H$3:$H$26),2),"") | I4: =IFERROR(ROUND(CORREL('Returns (Calc)'!$C$3:$C$26,'Returns (Calc)'!$I$3:$I$26),2),"") | J4: =IFERROR(ROUND(CORREL('Returns (Calc)'!$C$3:$C$26,'Returns (Calc)'!$J$3:$J$26),2),"") | K4: =IFERROR(ROUND(CORREL('Returns (Calc)'!$C$3:$C$26,'Returns (Calc)'!$K$3:$K$26),2),"") | L4: =IFERROR(ROUND(CORREL('Returns (Calc)'!$C$3:$C$26,'Returns (Calc)'!$L$3:$L$26),2),"") | M4: =IFERROR(ROUND(CORREL('Returns (Calc)'!$C$3:$C$26,'Returns (Calc)'!$M$3:$M$26),2),"") | N4: =COUNTIF(B4:M4,">0.7")-1 -> 0
A5: ='Returns (Calc)'!D2 -> Ticker 3 | B5: =IFERROR(ROUND(CORREL('Returns (Calc)'!$D$3:$D$26,'Returns (Calc)'!$B$3:$B$26),2),"") | C5: =IFERROR(ROUND(CORREL('Returns (Calc)'!$D$3:$D$26,'Returns (Calc)'!$C$3:$C$26),2),"") | D5: 1 | E5: =IFERROR(ROUND(CORREL('Returns (Calc)'!$D$3:$D$26,'Returns (Calc)'!$E$3:$E$26),2),"") | F5: =IFERROR(ROUND(CORREL('Returns (Calc)'!$D$3:$D$26,'Returns (Calc)'!$F$3:$F$26),2),"") | G5: =IFERROR(ROUND(CORREL('Returns (Calc)'!$D$3:$D$26,'Returns (Calc)'!$G$3:$G$26),2),"") | H5: =IFERROR(ROUND(CORREL('Returns (Calc)'!$D$3:$D$26,'Returns (Calc)'!$H$3:$H$26),2),"") | I5: =IFERROR(ROUND(CORREL('Returns (Calc)'!$D$3:$D$26,'Returns (Calc)'!$I$3:$I$26),2),"") | J5: =IFERROR(ROUND(CORREL('Returns (Calc)'!$D$3:$D$26,'Returns (Calc)'!$J$3:$J$26),2),"") | K5: =IFERROR(ROUND(CORREL('Returns (Calc)'!$D$3:$D$26,'Returns (Calc)'!$K$3:$K$26),2),"") | L5: =IFERROR(ROUND(CORREL('Returns (Calc)'!$D$3:$D$26,'Returns (Calc)'!$L$3:$L$26),2),"") | M5: =IFERROR(ROUND(CORREL('Returns (Calc)'!$D$3:$D$26,'Returns (Calc)'!$M$3:$M$26),2),"") | N5: =COUNTIF(B5:M5,">0.7")-1 -> 0
A6: ='Returns (Calc)'!E2 -> Ticker 4 | B6: =IFERROR(ROUND(CORREL('Returns (Calc)'!$E$3:$E$26,'Returns (Calc)'!$B$3:$B$26),2),"") | C6: =IFERROR(ROUND(CORREL('Returns (Calc)'!$E$3:$E$26,'Returns (Calc)'!$C$3:$C$26),2),"") | D6: =IFERROR(ROUND(CORREL('Returns (Calc)'!$E$3:$E$26,'Returns (Calc)'!$D$3:$D$26),2),"") | E6: 1 | F6: =IFERROR(ROUND(CORREL('Returns (Calc)'!$E$3:$E$26,'Returns (Calc)'!$F$3:$F$26),2),"") | G6: =IFERROR(ROUND(CORREL('Returns (Calc)'!$E$3:$E$26,'Returns (Calc)'!$G$3:$G$26),2),"") | H6: =IFERROR(ROUND(CORREL('Returns (Calc)'!$E$3:$E$26,'Returns (Calc)'!$H$3:$H$26),2),"") | I6: =IFERROR(ROUND(CORREL('Returns (Calc)'!$E$3:$E$26,'Returns (Calc)'!$I$3:$I$26),2),"") | J6: =IFERROR(ROUND(CORREL('Returns (Calc)'!$E$3:$E$26,'Returns (Calc)'!$J$3:$J$26),2),"") | K6: =IFERROR(ROUND(CORREL('Returns (Calc)'!$E$3:$E$26,'Returns (Calc)'!$K$3:$K$26),2),"") | L6: =IFERROR(ROUND(CORREL('Returns (Calc)'!$E$3:$E$26,'Returns (Calc)'!$L$3:$L$26),2),"") | M6: =IFERROR(ROUND(CORREL('Returns (Calc)'!$E$3:$E$26,'Returns (Calc)'!$M$3:$M$26),2),"") | N6: =COUNTIF(B6:M6,">0.7")-1 -> 0
A7: ='Returns (Calc)'!F2 -> Ticker 5 | B7: =IFERROR(ROUND(CORREL('Returns (Calc)'!$F$3:$F$26,'Returns (Calc)'!$B$3:$B$26),2),"") | C7: =IFERROR(ROUND(CORREL('Returns (Calc)'!$F$3:$F$26,'Returns (Calc)'!$C$3:$C$26),2),"") | D7: =IFERROR(ROUND(CORREL('Returns (Calc)'!$F$3:$F$26,'Returns (Calc)'!$D$3:$D$26),2),"") | E7: =IFERROR(ROUND(CORREL('Returns (Calc)'!$F$3:$F$26,'Returns (Calc)'!$E$3:$E$26),2),"") | F7: 1 | G7: =IFERROR(ROUND(CORREL('Returns (Calc)'!$F$3:$F$26,'Returns (Calc)'!$G$3:$G$26),2),"") | H7: =IFERROR(ROUND(CORREL('Returns (Calc)'!$F$3:$F$26,'Returns (Calc)'!$H$3:$H$26),2),"") | I7: =IFERROR(ROUND(CORREL('Returns (Calc)'!$F$3:$F$26,'Returns (Calc)'!$I$3:$I$26),2),"") | J7: =IFERROR(ROUND(CORREL('Returns (Calc)'!$F$3:$F$26,'Returns (Calc)'!$J$3:$J$26),2),"") | K7: =IFERROR(ROUND(CORREL('Returns (Calc)'!$F$3:$F$26,'Returns (Calc)'!$K$3:$K$26),2),"") | L7: =IFERROR(ROUND(CORREL('Returns (Calc)'!$F$3:$F$26,'Returns (Calc)'!$L$3:$L$26),2),"") | M7: =IFERROR(ROUND(CORREL('Returns (Calc)'!$F$3:$F$26,'Returns (Calc)'!$M$3:$M$26),2),"") | N7: =COUNTIF(B7:M7,">0.7")-1 -> 0
A8: ='Returns (Calc)'!G2 -> Ticker 6 | B8: =IFERROR(ROUND(CORREL('Returns (Calc)'!$G$3:$G$26,'Returns (Calc)'!$B$3:$B$26),2),"") | C8: =IFERROR(ROUND(CORREL('Returns (Calc)'!$G$3:$G$26,'Returns (Calc)'!$C$3:$C$26),2),"") | D8: =IFERROR(ROUND(CORREL('Returns (Calc)'!$G$3:$G$26,'Returns (Calc)'!$D$3:$D$26),2),"") | E8: =IFERROR(ROUND(CORREL('Returns (Calc)'!$G$3:$G$26,'Returns (Calc)'!$E$3:$E$26),2),"") | F8: =IFERROR(ROUND(CORREL('Returns (Calc)'!$G$3:$G$26,'Returns (Calc)'!$F$3:$F$26),2),"") | G8: 1 | H8: =IFERROR(ROUND(CORREL('Returns (Calc)'!$G$3:$G$26,'Returns (Calc)'!$H$3:$H$26),2),"") | I8: =IFERROR(ROUND(CORREL('Returns (Calc)'!$G$3:$G$26,'Returns (Calc)'!$I$3:$I$26),2),"") | J8: =IFERROR(ROUND(CORREL('Returns (Calc)'!$G$3:$G$26,'Returns (Calc)'!$J$3:$J$26),2),"") | K8: =IFERROR(ROUND(CORREL('Returns (Calc)'!$G$3:$G$26,'Returns (Calc)'!$K$3:$K$26),2),"") | L8: =IFERROR(ROUND(CORREL('Returns (Calc)'!$G$3:$G$26,'Returns (Calc)'!$L$3:$L$26),2),"") | M8: =IFERROR(ROUND(CORREL('Returns (Calc)'!$G$3:$G$26,'Returns (Calc)'!$M$3:$M$26),2),"") | N8: =COUNTIF(B8:M8,">0.7")-1 -> 0
A9: ='Returns (Calc)'!H2 -> Ticker 7 | B9: =IFERROR(ROUND(CORREL('Returns (Calc)'!$H$3:$H$26,'Returns (Calc)'!$B$3:$B$26),2),"") | C9: =IFERROR(ROUND(CORREL('Returns (Calc)'!$H$3:$H$26,'Returns (Calc)'!$C$3:$C$26),2),"") | D9: =IFERROR(ROUND(CORREL('Returns (Calc)'!$H$3:$H$26,'Returns (Calc)'!$D$3:$D$26),2),"") | E9: =IFERROR(ROUND(CORREL('Returns (Calc)'!$H$3:$H$26,'Returns (Calc)'!$E$3:$E$26),2),"") | F9: =IFERROR(ROUND(CORREL('Returns (Calc)'!$H$3:$H$26,'Returns (Calc)'!$F$3:$F$26),2),"") | G9: =IFERROR(ROUND(CORREL('Returns (Calc)'!$H$3:$H$26,'Returns (Calc)'!$G$3:$G$26),2),"") | H9: 1 | I9: =IFERROR(ROUND(CORREL('Returns (Calc)'!$H$3:$H$26,'Returns (Calc)'!$I$3:$I$26),2),"") | J9: =IFERROR(ROUND(CORREL('Returns (Calc)'!$H$3:$H$26,'Returns (Calc)'!$J$3:$J$26),2),"") | K9: =IFERROR(ROUND(CORREL('Returns (Calc)'!$H$3:$H$26,'Returns (Calc)'!$K$3:$K$26),2),"") | L9: =IFERROR(ROUND(CORREL('Returns (Calc)'!$H$3:$H$26,'Returns (Calc)'!$L$3:$L$26),2),"") | M9: =IFERROR(ROUND(CORREL('Returns (Calc)'!$H$3:$H$26,'Returns (Calc)'!$M$3:$M$26),2),"") | N9: =COUNTIF(B9:M9,">0.7")-1 -> 0
A10: ='Returns (Calc)'!I2 -> Ticker 8 | B10: =IFERROR(ROUND(CORREL('Returns (Calc)'!$I$3:$I$26,'Returns (Calc)'!$B$3:$B$26),2),"") | C10: =IFERROR(ROUND(CORREL('Returns (Calc)'!$I$3:$I$26,'Returns (Calc)'!$C$3:$C$26),2),"") | D10: =IFERROR(ROUND(CORREL('Returns (Calc)'!$I$3:$I$26,'Returns (Calc)'!$D$3:$D$26),2),"") | E10: =IFERROR(ROUND(CORREL('Returns (Calc)'!$I$3:$I$26,'Returns (Calc)'!$E$3:$E$26),2),"") | F10: =IFERROR(ROUND(CORREL('Returns (Calc)'!$I$3:$I$26,'Returns (Calc)'!$F$3:$F$26),2),"") | G10: =IFERROR(ROUND(CORREL('Returns (Calc)'!$I$3:$I$26,'Returns (Calc)'!$G$3:$G$26),2),"") | H10: =IFERROR(ROUND(CORREL('Returns (Calc)'!$I$3:$I$26,'Returns (Calc)'!$H$3:$H$26),2),"") | I10: 1 | J10: =IFERROR(ROUND(CORREL('Returns (Calc)'!$I$3:$I$26,'Returns (Calc)'!$J$3:$J$26),2),"") | K10: =IFERROR(ROUND(CORREL('Returns (Calc)'!$I$3:$I$26,'Returns (Calc)'!$K$3:$K$26),2),"") | L10: =IFERROR(ROUND(CORREL('Returns (Calc)'!$I$3:$I$26,'Returns (Calc)'!$L$3:$L$26),2),"") | M10: =IFERROR(ROUND(CORREL('Returns (Calc)'!$I$3:$I$26,'Returns (Calc)'!$M$3:$M$26),2),"") | N10: =COUNTIF(B10:M10,">0.7")-1 -> 0
A11: ='Returns (Calc)'!J2 -> Ticker 9 | B11: =IFERROR(ROUND(CORREL('Returns (Calc)'!$J$3:$J$26,'Returns (Calc)'!$B$3:$B$26),2),"") | C11: =IFERROR(ROUND(CORREL('Returns (Calc)'!$J$3:$J$26,'Returns (Calc)'!$C$3:$C$26),2),"") | D11: =IFERROR(ROUND(CORREL('Returns (Calc)'!$J$3:$J$26,'Returns (Calc)'!$D$3:$D$26),2),"") | E11: =IFERROR(ROUND(CORREL('Returns (Calc)'!$J$3:$J$26,'Returns (Calc)'!$E$3:$E$26),2),"") | F11: =IFERROR(ROUND(CORREL('Returns (Calc)'!$J$3:$J$26,'Returns (Calc)'!$F$3:$F$26),2),"") | G11: =IFERROR(ROUND(CORREL('Returns (Calc)'!$J$3:$J$26,'Returns (Calc)'!$G$3:$G$26),2),"") | H11: =IFERROR(ROUND(CORREL('Returns (Calc)'!$J$3:$J$26,'Returns (Calc)'!$H$3:$H$26),2),"") | I11: =IFERROR(ROUND(CORREL('Returns (Calc)'!$J$3:$J$26,'Returns (Calc)'!$I$3:$I$26),2),"") | J11: 1 | K11: =IFERROR(ROUND(CORREL('Returns (Calc)'!$J$3:$J$26,'Returns (Calc)'!$K$3:$K$26),2),"") | L11: =IFERROR(ROUND(CORREL('Returns (Calc)'!$J$3:$J$26,'Returns (Calc)'!$L$3:$L$26),2),"") | M11: =IFERROR(ROUND(CORREL('Returns (Calc)'!$J$3:$J$26,'Returns (Calc)'!$M$3:$M$26),2),"") | N11: =COUNTIF(B11:M11,">0.7")-1 -> 0
A12: ='Returns (Calc)'!K2 -> Ticker 10 | B12: =IFERROR(ROUND(CORREL('Returns (Calc)'!$K$3:$K$26,'Returns (Calc)'!$B$3:$B$26),2),"") | C12: =IFERROR(ROUND(CORREL('Returns (Calc)'!$K$3:$K$26,'Returns (Calc)'!$C$3:$C$26),2),"") | D12: =IFERROR(ROUND(CORREL('Returns (Calc)'!$K$3:$K$26,'Returns (Calc)'!$D$3:$D$26),2),"") | E12: =IFERROR(ROUND(CORREL('Returns (Calc)'!$K$3:$K$26,'Returns (Calc)'!$E$3:$E$26),2),"") | F12: =IFERROR(ROUND(CORREL('Returns (Calc)'!$K$3:$K$26,'Returns (Calc)'!$F$3:$F$26),2),"") | G12: =IFERROR(ROUND(CORREL('Returns (Calc)'!$K$3:$K$26,'Returns (Calc)'!$G$3:$G$26),2),"") | H12: =IFERROR(ROUND(CORREL('Returns (Calc)'!$K$3:$K$26,'Returns (Calc)'!$H$3:$H$26),2),"") | I12: =IFERROR(ROUND(CORREL('Returns (Calc)'!$K$3:$K$26,'Returns (Calc)'!$I$3:$I$26),2),"") | J12: =IFERROR(ROUND(CORREL('Returns (Calc)'!$K$3:$K$26,'Returns (Calc)'!$J$3:$J$26),2),"") | K12: 1 | L12: =IFERROR(ROUND(CORREL('Returns (Calc)'!$K$3:$K$26,'Returns (Calc)'!$L$3:$L$26),2),"") | M12: =IFERROR(ROUND(CORREL('Returns (Calc)'!$K$3:$K$26,'Returns (Calc)'!$M$3:$M$26),2),"") | N12: =COUNTIF(B12:M12,">0.7")-1 -> 0
A13: ='Returns (Calc)'!L2 -> Ticker 11 | B13: =IFERROR(ROUND(CORREL('Returns (Calc)'!$L$3:$L$26,'Returns (Calc)'!$B$3:$B$26),2),"") | C13: =IFERROR(ROUND(CORREL('Returns (Calc)'!$L$3:$L$26,'Returns (Calc)'!$C$3:$C$26),2),"") | D13: =IFERROR(ROUND(CORREL('Returns (Calc)'!$L$3:$L$26,'Returns (Calc)'!$D$3:$D$26),2),"") | E13: =IFERROR(ROUND(CORREL('Returns (Calc)'!$L$3:$L$26,'Returns (Calc)'!$E$3:$E$26),2),"") | F13: =IFERROR(ROUND(CORREL('Returns (Calc)'!$L$3:$L$26,'Returns (Calc)'!$F$3:$F$26),2),"") | G13: =IFERROR(ROUND(CORREL('Returns (Calc)'!$L$3:$L$26,'Returns (Calc)'!$G$3:$G$26),2),"") | H13: =IFERROR(ROUND(CORREL('Returns (Calc)'!$L$3:$L$26,'Returns (Calc)'!$H$3:$H$26),2),"") | I13: =IFERROR(ROUND(CORREL('Returns (Calc)'!$L$3:$L$26,'Returns (Calc)'!$I$3:$I$26),2),"") | J13: =IFERROR(ROUND(CORREL('Returns (Calc)'!$L$3:$L$26,'Returns (Calc)'!$J$3:$J$26),2),"") | K13: =IFERROR(ROUND(CORREL('Returns (Calc)'!$L$3:$L$26,'Returns (Calc)'!$K$3:$K$26),2),"") | L13: 1 | M13: =IFERROR(ROUND(CORREL('Returns (Calc)'!$L$3:$L$26,'Returns (Calc)'!$M$3:$M$26),2),"") | N13: =COUNTIF(B13:M13,">0.7")-1 -> 0
A14: ='Returns (Calc)'!M2 -> Ticker 12 | B14: =IFERROR(ROUND(CORREL('Returns (Calc)'!$M$3:$M$26,'Returns (Calc)'!$B$3:$B$26),2),"") | C14: =IFERROR(ROUND(CORREL('Returns (Calc)'!$M$3:$M$26,'Returns (Calc)'!$C$3:$C$26),2),"") | D14: =IFERROR(ROUND(CORREL('Returns (Calc)'!$M$3:$M$26,'Returns (Calc)'!$D$3:$D$26),2),"") | E14: =IFERROR(ROUND(CORREL('Returns (Calc)'!$M$3:$M$26,'Returns (Calc)'!$E$3:$E$26),2),"") | F14: =IFERROR(ROUND(CORREL('Returns (Calc)'!$M$3:$M$26,'Returns (Calc)'!$F$3:$F$26),2),"") | G14: =IFERROR(ROUND(CORREL('Returns (Calc)'!$M$3:$M$26,'Returns (Calc)'!$G$3:$G$26),2),"") | H14: =IFERROR(ROUND(CORREL('Returns (Calc)'!$M$3:$M$26,'Returns (Calc)'!$H$3:$H$26),2),"") | I14: =IFERROR(ROUND(CORREL('Returns (Calc)'!$M$3:$M$26,'Returns (Calc)'!$I$3:$I$26),2),"") | J14: =IFERROR(ROUND(CORREL('Returns (Calc)'!$M$3:$M$26,'Returns (Calc)'!$J$3:$J$26),2),"") | K14: =IFERROR(ROUND(CORREL('Returns (Calc)'!$M$3:$M$26,'Returns (Calc)'!$K$3:$K$26),2),"") | L14: =IFERROR(ROUND(CORREL('Returns (Calc)'!$M$3:$M$26,'Returns (Calc)'!$L$3:$L$26),2),"") | M14: 1 | N14: =COUNTIF(B14:M14,">0.7")-1 -> 0
A16: Positions exceeding cap (correlated >0.70 with 2+ other holdings): | B16: =COUNTIF(N3:N14,">1") -> 0
A17: Rule 34 status (no position may exceed 0.70 with more than one other holding): | B17: =IF(B16>0,"REVIEW REQUIRED","OK") -> OK

Sheet Portfolio Drawdown Log
A1: Portfolio-level drawdown tracking (Rules 35-36). Enter Date and Portfolio Value; all other columns calculate automatically.
A2: Date | B2: Portfolio Value ($) | C2: Running Peak ($) | D2: Drawdown % | E2: Status | F2: Required Cash Floor | G2: New Position Initiation | H2: Notes
C3: =IF(B3="","",B3) | D3: =IF(OR(B3="",C3=""),"",B3/C3-1) | E3: =IF(D3="","",IF(D3>=-0.1,"Normal",IF(D3>=-0.2,"Elevated",IF(D3>=-0.3,"Severe","Critical")))) | F3: =IF(E3="","",IF(E3="Normal","5-15%",IF(E3="Elevated","15%",IF(E3="Severe","20%","25%")))) | G3: =IF(E3="","",IF(E3="Normal","Standard (score >=65)",IF(E3="Elevated","Restricted (score >=80 only)","Suspended")))
C4: =IF(B4="","",MAX(C3,B4)) | D4: =IF(OR(B4="",C4=""),"",B4/C4-1) | E4: =IF(D4="","",IF(D4>=-0.1,"Normal",IF(D4>=-0.2,"Elevated",IF(D4>=-0.3,"Severe","Critical")))) | F4: =IF(E4="","",IF(E4="Normal","5-15%",IF(E4="Elevated","15%",IF(E4="Severe","20%","25%")))) | G4: =IF(E4="","",IF(E4="Normal","Standard (score >=65)",IF(E4="Elevated","Restricted (score >=80 only)","Suspended")))
C5: =IF(B5="","",MAX(C4,B5)) | D5: =IF(OR(B5="",C5=""),"",B5/C5-1) | E5: =IF(D5="","",IF(D5>=-0.1,"Normal",IF(D5>=-0.2,"Elevated",IF(D5>=-0.3,"Severe","Critical")))) | F5: =IF(E5="","",IF(E5="Normal","5-15%",IF(E5="Elevated","15%",IF(E5="Severe","20%","25%")))) | G5: =IF(E5="","",IF(E5="Normal","Standard (score >=65)",IF(E5="Elevated","Restricted (score >=80 only)","Suspended")))
C6: =IF(B6="","",MAX(C5,B6)) | D6: =IF(OR(B6="",C6=""),"",B6/C6-1) | E6: =IF(D6="","",IF(D6>=-0.1,"Normal",IF(D6>=-0.2,"Elevated",IF(D6>=-0.3,"Severe","Critical")))) | F6: =IF(E6="","",IF(E6="Normal","5-15%",IF(E6="Elevated","15%",IF(E6="Severe","20%","25%")))) | G6: =IF(E6="","",IF(E6="Normal","Standard (score >=65)",IF(E6="Elevated","Restricted (score >=80 only)","Suspended")))
C7: =IF(B7="","",MAX(C6,B7)) | D7: =IF(OR(B7="",C7=""),"",B7/C7-1) | E7: =IF(D7="","",IF(D7>=-0.1,"Normal",IF(D7>=-0.2,"Elevated",IF(D7>=-0.3,"Severe","Critical")))) | F7: =IF(E7="","",IF(E7="Normal","5-15%",IF(E7="Elevated","15%",IF(E7="Severe","20%","25%")))) | G7: =IF(E7="","",IF(E7="Normal","Standard (score >=65)",IF(E7="Elevated","Restricted (score >=80 only)","Suspended")))
C8: =IF(B8="","",MAX(C7,B8)) | D8: =IF(OR(B8="",C8=""),"",B8/C8-1) | E8: =IF(D8="","",IF(D8>=-0.1,"Normal",IF(D8>=-0.2,"Elevated",IF(D8>=-0.3,"Severe","Critical")))) | F8: =IF(E8="","",IF(E8="Normal","5-15%",IF(E8="Elevated","15%",IF(E8="Severe","20%","25%")))) | G8: =IF(E8="","",IF(E8="Normal","Standard (score >=65)",IF(E8="Elevated","Restricted (score >=80 only)","Suspended")))
C9: =IF(B9="","",MAX(C8,B9)) | D9: =IF(OR(B9="",C9=""),"",B9/C9-1) | E9: =IF(D9="","",IF(D9>=-0.1,"Normal",IF(D9>=-0.2,"Elevated",IF(D9>=-0.3,"Severe","Critical")))) | F9: =IF(E9="","",IF(E9="Normal","5-15%",IF(E9="Elevated","15%",IF(E9="Severe","20%","25%")))) | G9: =IF(E9="","",IF(E9="Normal","Standard (score >=65)",IF(E9="Elevated","Restricted (score >=80 only)","Suspended")))
C10: =IF(B10="","",MAX(C9,B10)) | D10: =IF(OR(B10="",C10=""),"",B10/C10-1) | E10: =IF(D10="","",IF(D10>=-0.1,"Normal",IF(D10>=-0.2,"Elevated",IF(D10>=-0.3,"Severe","Critical")))) | F10: =IF(E10="","",IF(E10="Normal","5-15%",IF(E10="Elevated","15%",IF(E10="Severe","20%","25%")))) | G10: =IF(E10="","",IF(E10="Normal","Standard (score >=65)",IF(E10="Elevated","Restricted (score >=80 only)","Suspended")))
C11: =IF(B11="","",MAX(C10,B11)) | D11: =IF(OR(B11="",C11=""),"",B11/C11-1) | E11: =IF(D11="","",IF(D11>=-0.1,"Normal",IF(D11>=-0.2,"Elevated",IF(D11>=-0.3,"Severe","Critical")))) | F11: =IF(E11="","",IF(E11="Normal","5-15%",IF(E11="Elevated","15%",IF(E11="Severe","20%","25%")))) | G11: =IF(E11="","",IF(E11="Normal","Standard (score >=65)",IF(E11="Elevated","Restricted (score >=80 only)","Suspended")))
C12: =IF(B12="","",MAX(C11,B12)) | D12: =IF(OR(B12="",C12=""),"",B12/C12-1) | E12: =IF(D12="","",IF(D12>=-0.1,"Normal",IF(D12>=-0.2,"Elevated",IF(D12>=-0.3,"Severe","Critical")))) | F12: =IF(E12="","",IF(E12="Normal","5-15%",IF(E12="Elevated","15%",IF(E12="Severe","20%","25%")))) | G12: =IF(E12="","",IF(E12="Normal","Standard (score >=65)",IF(E12="Elevated","Restricted (score >=80 only)","Suspended")))
C13: =IF(B13="","",MAX(C12,B13)) | D13: =IF(OR(B13="",C13=""),"",B13/C13-1) | E13: =IF(D13="","",IF(D13>=-0.1,"Normal",IF(D13>=-0.2,"Elevated",IF(D13>=-0.3,"Severe","Critical")))) | F13: =IF(E13="","",IF(E13="Normal","5-15%",IF(E13="Elevated","15%",IF(E13="Severe","20%","25%")))) | G13: =IF(E13="","",IF(E13="Normal","Standard (score >=65)",IF(E13="Elevated","Restricted (score >=80 only)","Suspended")))
C14: =IF(B14="","",MAX(C13,B14)) | D14: =IF(OR(B14="",C14=""),"",B14/C14-1) | E14: =IF(D14="","",IF(D14>=-0.1,"Normal",IF(D14>=-0.2,"Elevated",IF(D14>=-0.3,"Severe","Critical")))) | F14: =IF(E14="","",IF(E14="Normal","5-15%",IF(E14="Elevated","15%",IF(E14="Severe","20%","25%")))) | G14: =IF(E14="","",IF(E14="Normal","Standard (score >=65)",IF(E14="Elevated","Restricted (score >=80 only)","Suspended")))
C15: =IF(B15="","",MAX(C14,B15)) | D15: =IF(OR(B15="",C15=""),"",B15/C15-1) | E15: =IF(D15="","",IF(D15>=-0.1,"Normal",IF(D15>=-0.2,"Elevated",IF(D15>=-0.3,"Severe","Critical")))) | F15: =IF(E15="","",IF(E15="Normal","5-15%",IF(E15="Elevated","15%",IF(E15="Severe","20%","25%")))) | G15: =IF(E15="","",IF(E15="Normal","Standard (score >=65)",IF(E15="Elevated","Restricted (score >=80 only)","Suspended")))
... C42: =IF(B42="","",MAX(C41,B42)) | D42: =IF(OR(B42="",C42=""),"",B42/C42-1) | E42: =IF(D42="","",IF(D42>=-0.1,"Normal",IF(D42>=-0.2,"Elevated",IF(D42>=-0.3,"Severe","Critical")))) | F42: =IF(E42="","",IF(E42="Normal","5-15%",IF(E42="Elevated","15%",IF(E42="Severe","20%","25%")))) | G42: =IF(E42="","",IF(E42="Normal","Standard (score >=65)",IF(E42="Elevated","Restricted (score >=80 only)","Suspended")))
